Task ID,Priority,Skill,Deadline (h),Duration (h),Profit,Start (h),End (h),Assigned Resource,Lateness (h),Status
T7,5,backend,18,2,550,0,2,R1,0,ON TIME
T5,4,frontend,28,3,400,0,3,R2,0,ON TIME
T9,4,qa,30,3,420,2,5,R1,0,ON TIME
T1,3,backend,24,4,300,0,4,R3,0,ON TIME
T3,5,qa,20,2,500,5,7,R1,0,ON TIME
T2,2,frontend,32,6,200,24,30,R2,0,ON TIME
T6,3,qa,36,5,350,48,53,R1,17,LATE
T4,1,backend,40,8,100,24,32,R3,0,ON TIME
T8,2,frontend,44,4,250,48,52,R2,8,LATE
T10,1,backend,48,6,150,N/A,N/A,N/A,N/A,MISSED
